id,title,description,published
1,NodeJS Tut1,Description Tut1,FALSE
2,Java Tut2,Description Tut2,TRUE
3,Java Tut3,Description Tut3,FALSE
4,Java Tut4,Description Tut4,TRUE
5,Java Tut5,Description Tut5,FALSE
6,Java Tut6,Description Tut6,TRUE
7,Java Tut7,Description Tut7,FALSE
8,Java Tut8,Description Tut8,TRUE
9,Java Tut9,Description Tut9,FALSE
10,Java Tut10,Description Tut10,TRUE
11,Java Tut11,Description Tut11,FALSE
12,Java Tut12,Description Tut12,TRUE
13,Java Tut13,Description Tut13,FALSE
14,Java Tut14,Description Tut14,TRUE
